<?xml version="1.0" encoding="UTF-8"?>
<Script name="MMR_Report"><Initialize nameEncoded="true" name="SW5pdGlhbGl6ZQ==" type="basic.init"><Step nameEncoded="true" name="TGF1bmNoIEJyb3dzZXI="/></Initialize><Run nameEncoded="true" name="UnVu" type="basic.iteration"><Step nameEncoded="true" name="Z2VuZXJhdGVNTVJSZXBvcnQoKTs=" type="basic.java"/></Run><Step nameEncoded="true" name="Z2VuZXJhdGVNTVJSZXBvcnQoKQ==" type="basic.method"><Step nameEncoded="true" name="TGF1bmNoIEJyb3dzZXI="/><Step nameEncoded="true" name="RE9NQnJvd3NlciBteUJyb3dzZXI9d2ViLndpbmRvdygiL3dlYjp3aW5kb3dbQGluZGV4PScwJyBvciBAaW5kZXg9JzEnXSIpOy4uLm15QnJvd3Nlci5tYXhpbWl6ZSgpOw==" type="basic.java"/><Step nameEncoded="true" name="Q0FDSV9GdW5jdExpYl9FQlNGdW5jdGlvbnMuRUJTQ2VydGlmaWNhdGVMb2dpbih7e015VVJMfX0sIDI0Myk=" type="basic.call"/><Step nameEncoded="true" name="ZGVsYXkoMzAwMCk7Li4uZ2VuZXJhdGVNTVJSZXBvcnQoKTs=" type="basic.java"/><Step nameEncoded="true" name="RXhwb3J0T0JJRUVGdW5jdGlvbi5wcm9jZXNzRXhwb3J0UERGKCk=" type="basic.call"/><Step nameEncoded="true" name="Y2xvc2VPQklFRUJyb3dzZXIoKTs=" type="basic.java"/></Step><Step nameEncoded="true" name="dXNlck5hdmlnYXRpb24oKQ==" type="basic.method"><Step nameEncoded="true" name="dHJ5" type="basic.try"><Step nameEncoded="true" name="YmxvY2s=" type="basic.block"><Step nameEncoded="true" name="ZGVsYXkoMTIwMDApOw==" type="basic.java"/></Step><Step nameEncoded="true" name="ZW5kU3RlcCgpOw==" type="basic.java"/><StepGroup nameEncoded="true" name="WzJdIEhvbWUgKC9PQS5qc3Ap" type="basic.stepGroup"><Step nameEncoded="true" name="YmxvY2s=" type="basic.block"><Step nameEncoded="true" name="ZGVsYXkoMTIwMDApOw==" type="basic.java"/></Step><Step nameEncoded="true" name="Q2xpY2sgZWxlbWVudCgiQHRleHQ9J0dDU1MtTUMgT0JJRUUgUmVwb3J0cyBVc2VyJyIp" recid="14" duration="0" type="web.action"/></StepGroup><StepGroup nameEncoded="true" name="WzNdIEhvbWUgKC9PQS5qc3Ap" type="basic.stepGroup"><Step nameEncoded="true" name="YmxvY2s=" type="basic.block"><Step nameEncoded="true" name="ZGVsYXkoMTIwMDApOw==" type="basic.java"/></Step><Step nameEncoded="true" name="Q2xpY2sgZWxlbWVudCgiQHRleHQ9J09CSUVFIERhc2hib2FyZHMgJiBSZXBvcnRzJyIp" recid="18" duration="0" type="web.action"/></StepGroup><StepGroup nameEncoded="true" name="WzRdIE9yYWNsZU9hc2lzIDogTGF1bmNoIERpc2NvdmVyZXIgb3IgV2ViIHJlcG9ydCAoL1JGLmpzcCk=" type="basic.stepGroup"><Step nameEncoded="true" name="V2FpdEZvclBhZ2UgKGh0dHBzOi8vZ2Nzc21jLWR2LW9iaWVlLmRldi5nY3NzbWMuc2RlL2FuYWx5dGljcy9yZXMvdi0xZUstM3cyMVlIVS9lbXB0eS5odG0p" recid="19" duration="0" type="web.pageComplete"><Step nameEncoded="true" name="RnJhbWUgKFVSTCA9aHR0cHM6Ly9nY3NzbWMtZHYtb2JpZWUuZGV2Lmdjc3NtYy5zZGUvYW5hbHl0aWNzL3Jlcy92LTFlSy0zdzIxWUhVL2VtcHR5Lmh0bSk=" recid="20" duration="0" type="web.frame"/><Step nameEncoded="true" name="ZGVsYXkoMzAwMCk7" type="basic.java"/></Step><Step nameEncoded="true" name="Q2xpY2sgbGluaygiQHRleHQ9J09wZW4gdGhpcyBjb250ZW50IGluIGEgbmV3IHdpbmRvdyciKQ==" recid="21" duration="0" type="web.action"/></StepGroup></Step><Step nameEncoded="true" name="Y2F0Y2ggKEV4Y2VwdGlvbiBlKQ==" type="basic.catch"><Step nameEncoded="true" name="SW5mbzogdXNlck5hdmlnYXRpb24oKSA6ICArIGUuZ2V0TWVzc2FnZSgp"/><Step nameEncoded="true" name="dGhyb3cgZTs=" type="basic.java"/></Step></Step><Step nameEncoded="true" name="ZXhlY3V0ZU1NUlJlcG9ydCgp" type="basic.method"><StepGroup nameEncoded="true" name="WzldIE9yYWNsZSBCSSBJbnRlcmFjdGl2ZSBEYXNoYm9hcmRzIC0gRGFzaGJvYXJkIEluZGV4ICgvc2F3LmRsbCk=" type="basic.stepGroup"><Step nameEncoded="true" name="V2FpdEZvclBhZ2UgKGh0dHBzOi8vZ2Nzc21jLWR2LW9iaWVlLmRldi5nY3NzbWMuc2RlL2FuYWx5dGljcy9yZXMvdi0xZUstM3cyMVlIVS9lbXB0eS5odG0p" recid="55" duration="0" type="web.pageComplete"><Step nameEncoded="true" name="RnJhbWUgKFVSTCA9aHR0cHM6Ly9nY3NzbWMtZHYtb2JpZWUuZGV2Lmdjc3NtYy5zZGUvYW5hbHl0aWNzL3Jlcy92LTFlSy0zdzIxWUhVL2VtcHR5Lmh0bSk=" recid="56" duration="0" type="web.frame"/><Step nameEncoded="true" name="VGhpbms6IDEuMTc4IChzZWMp" type="basic.think"/></Step><Step nameEncoded="true" name="Q2xpY2sgbGluaygiQHRleHQ9J1BhcnRzIFJlcXVlc3RlZCciKQ==" recid="57" duration="0" type="web.action"/></StepGroup><StepGroup nameEncoded="true" name="WzEwXSBPcmFjbGUgQkkgSW50ZXJhY3RpdmUgRGFzaGJvYXJkcyAtIE1NUiAoL01NUiZQYWdlPVBhcnRzIFJlcXVlc3RlZCk=" type="basic.stepGroup"><Step nameEncoded="true" name="V2FpdEZvclBhZ2UgKGh0dHBzOi8vZ2Nzc21jLWR2LW9iaWVlLmRldi5nY3NzbWMuc2RlL2FuYWx5dGljcy9yZXMvdi0xZUstM3cyMVlIVS9lbXB0eS5odG0p" recid="58" duration="0" type="web.pageComplete"><Step nameEncoded="true" name="RnJhbWUgKFVSTCA9aHR0cHM6Ly9nY3NzbWMtZHYtb2JpZWUuZGV2Lmdjc3NtYy5zZGUvYW5hbHl0aWNzL3Jlcy92LTFlSy0zdzIxWUhVL2VtcHR5Lmh0bSk=" recid="59" duration="0" type="web.frame"/><Step nameEncoded="true" name="VGhpbms6IDMuMDU2IChzZWMp" type="basic.think"/></Step><Step nameEncoded="true" name="Q2xpY2sgaW1hZ2UoIkBpZD0nc2F3Xzc5MDFfN18xX2Ryb3Bkb3duSWNvbiciKQ==" recid="60" duration="0" type="web.action"><Step nameEncoded="true" name="VGhpbms6IDIuMzggKHNlYyk=" type="basic.think"/></Step><Step nameEncoded="true" name="Q2xpY2sgZWxlbWVudCgiQHRleHQ9J01vcmUvU2VhcmNoLi4uJyIp" recid="61" duration="0" type="web.action"><Step nameEncoded="true" name="VGhpbms6IDYuODE2IChzZWMp" type="basic.think"/></Step><Step nameEncoded="true" name="Q2xpY2sgdGV4dEJveCgiQGlkPSdjaG9pY2VMaXN0U2VhcmNoU3RyaW5nX0QnIik=" recid="62" duration="0" type="web.action"><Step nameEncoded="true" name="VGhpbms6IDAuNTU4IChzZWMp" type="basic.think"/></Step><Step nameEncoded="true" name="U2V0VGV4dCB0ZXh0Qm94KCJAaWQ9J2Nob2ljZUxpc3RTZWFyY2hTdHJpbmdfRCciKSAyNzYzMDkzOA==" recid="63" duration="0" type="web.action"><Step nameEncoded="true" name="VGhpbms6IDEuNTk1IChzZWMp" type="basic.think"/></Step><Step nameEncoded="true" name="Q2xpY2sgYnV0dG9uKCJAaWQ9J3NlYXJjaEJ1dHRvbiciKQ==" recid="64" duration="0" type="web.action"><Step nameEncoded="true" name="VGhpbms6IDEuODM2IChzZWMp" type="basic.think"/></Step><Step nameEncoded="true" name="Q2xpY2sgaW1hZ2UoIkBpZD0naWRNb3ZlQWxsQnV0dG9uJyIp" recid="65" duration="0" type="web.action"><Step nameEncoded="true" name="VGhpbms6IDEuNDQyIChzZWMp" type="basic.think"/></Step><Step nameEncoded="true" name="Q2xpY2sgbGluaygiQHRleHQ9J09LJyIp" recid="66" duration="0" type="web.action"><Step nameEncoded="true" name="VGhpbms6IDguMjg4IChzZWMp" type="basic.think"/></Step><Step nameEncoded="true" name="Q2xpY2sgYnV0dG9uKCJAaWQ9J2lkQ29udGludWVCdXR0b24nIik=" recid="67" duration="0" type="web.action"/></StepGroup></Step><Step nameEncoded="true" name="Y2xvc2VPQklFRUJyb3dzZXIoKQ==" type="basic.method"><StepGroup nameEncoded="true" name="WzExXSBPcmFjbGUgQkkgSW50ZXJhY3RpdmUgRGFzaGJvYXJkcyAtIE1NUiAoL3Nhdy5kbGwp" type="basic.stepGroup"><Step nameEncoded="true" name="V2FpdEZvclBhZ2UgKGh0dHBzOi8vZ2Nzc21jLWR2LW9iaWVlLmRldi5nY3NzbWMuc2RlL2FuYWx5dGljcy9yZXMvdi0xZUstM3cyMVlIVS9lbXB0eS5odG0p" recid="68" duration="0" type="web.pageComplete"><Step nameEncoded="true" name="RnJhbWUgKFVSTCA9aHR0cHM6Ly9nY3NzbWMtZHYtb2JpZWUuZGV2Lmdjc3NtYy5zZGUvYW5hbHl0aWNzL3Jlcy92LTFlSy0zdzIxWUhVL2VtcHR5Lmh0bSk=" recid="69" duration="0" type="web.frame"/><Step nameEncoded="true" name="VGhpbms6IDQxLjk0NSAoc2VjKQ==" type="basic.think"/></Step><Step nameEncoded="true" name="Q2xvc2Ugd2luZG93KCJAaW5kZXg9JzInIik=" recid="70" duration="0" type="web.action"><Step nameEncoded="true" name="VGhpbms6IDIuMDYzIChzZWMp" type="basic.think"/></Step><Step nameEncoded="true" name="Q2xvc2Ugd2luZG93KCJAaW5kZXg9JzEnIik=" recid="71" duration="0" type="web.action"><Step nameEncoded="true" name="VGhpbms6IDEuNjg3IChzZWMp" type="basic.think"/></Step><Step nameEncoded="true" name="Q2xpY2sgaW1hZ2UoIkBhbHQ9J0xvZ291dCciKQ==" recid="72" duration="0" type="web.action"/></StepGroup></Step><Finish nameEncoded="true" name="RmluaXNo" type="basic.finish"/></Script>