<?xml version="1.0" encoding="UTF-8"?><assets>
<asset alias="Main_TC_14_Data" charset="cp1252" local="true" recno="0" sourceType="file" type="DATABANK">
<location path="../databanks/Main_TC_14_Data.csv" type="relative"/>
</asset>
<asset alias="CACI_FunctLib_EBSFunctions" local="true" sourceType="file" type="SCRIPT">
<location path="../CACI_FunctLib_EBSFunctions" type="relative"/>
</asset>
<asset alias="ConcurrentRequestJobs" local="true" sourceType="file" type="SCRIPT">
<location path="../ConcurrentRequestJobs" type="relative"/>
</asset>
</assets>
