<?xml version="1.0" encoding="UTF-8"?><assets>
<asset alias="multiple_task_materials_db" charset="cp1252" local="true" recno="0" sourceType="file" type="DATABANK">
<location path="../databanks/multiple_task_materials_db.csv" type="relative"/>
</asset>
<asset alias="CACI_FunctLib_EBSFunctions" local="true" sourceType="file" type="SCRIPT">
<location path="../CACI_FunctLib_EBSFunctions_hc943740372" type="relative"/>
</asset>
<asset alias="TS_09Main_TC12Bricks" local="true" sourceType="file" type="SCRIPT">
<location path="../TS_09Main_TC12Bricks_hc-1645001601" type="relative"/>
</asset>
</assets>
