<?xml version="1.0" encoding="UTF-8"?>
<Script name="Main_TC_17_Task_Materials"><Initialize nameEncoded="true" name="SW5pdGlhbGl6ZQ==" type="basic.init"/><Run nameEncoded="true" name="UnVu" type="basic.iteration"><Step nameEncoded="true" name="ZGVicmllZkxhYm9yYW5kTWF0ZXJpYWxzKCk=" type="basic.call"/></Run><Step nameEncoded="true" name="ZGVicmllZkxhYm9yYW5kTWF0ZXJpYWxzKCk=" type="basic.method"><Step nameEncoded="true" name="dXNlck5hdmlnYXRpb24oKTs=" type="basic.java"/><Step nameEncoded="true" name="c2VsZWN0Q29uc3VtYWJsZVRhc2soKQ==" type="basic.call"/><Step nameEncoded="true" name="c2VsZWN0RGVicmllZkJ1dHRvbigp" type="basic.call"/><Step nameEncoded="true" name="VFNfMDlNYWluX1RDMTJCcmlja3MuZW50ZXJEZWJyaWVmTGFib3JSZWNvcmQoMCwgTWlsaXRhcnksIDE1OjAwLCAxNjowMCwgLCBMQUJPUik=" type="basic.call"/><Step nameEncoded="true" name="VFNfMDlNYWluX1RDMTJCcmlja3MuY2xpY2tPbkRlYnJpZWZNYXRlcmlhbFRhYigp" type="basic.call"/><Step nameEncoded="true" name="VFNfMDlNYWluX1RDMTJCcmlja3MuRGVicmllZk11bHRpcGxlTWF0ZXJpYWxTRE4obXVsdGlwbGVfdGFza19tYXRlcmlhbHNfZGIsIEM6XE9yYWNsZUFUU1xPRlRcLCAxKQ==" type="basic.call"/><Step nameEncoded="true" name="VFNfMDlNYWluX1RDMTJCcmlja3MuY2xvc2VEZWJyaWVmRm9ybSgp" type="basic.call"/><Step nameEncoded="true" name="c2VsZWN0U0VDUkVQVGFzaygp" type="basic.call"/><Step nameEncoded="true" name="c2VsZWN0RGVicmllZkJ1dHRvbigp" type="basic.call"/><Step nameEncoded="true" name="VFNfMDlNYWluX1RDMTJCcmlja3MuZW50ZXJEZWJyaWVmTGFib3JSZWNvcmQoMCwgTWlsaXRhcnksIDE1OjAwLCAxNjowMCwgLCBMQUJPUik=" type="basic.call"/><Step nameEncoded="true" name="VFNfMDlNYWluX1RDMTJCcmlja3MuY2xpY2tPbkRlYnJpZWZNYXRlcmlhbFRhYigp" type="basic.call"/><Step nameEncoded="true" name="VFNfMDlNYWluX1RDMTJCcmlja3MuZW50ZXJUYXNrTWF0ZXJpYWxEZWJyaWVmKDAsIElzc3VlIEZyb20gSW52ZW50b3J5LCAwMTQ3NDU3MDQsIEVBLCAxLCAxQ0osIDAxQSwgQzAwMDAwMUFBLCAsIDk5LCBDOlxPcmFjbGVBVFNcT0ZULCAyKQ==" type="basic.call"/><Step nameEncoded="true" name="VFNfMDlNYWluX1RDMTJCcmlja3MuZW50ZXJUYXNrTWF0ZXJpYWxEZWJyaWVmKDEsIElzc3VlIGZyb20gSW52ZW50b3J5LCAwMTQ2NjE4NTUsIEVBLCAxLCAxQ0osIDAxQSwgQzAwMDAwMUFBLCAsIDk5LCBDOlxPcmFjbGVBVFNcT0ZULCAzKQ==" type="basic.call"/><Step nameEncoded="true" name="VFNfMDlNYWluX1RDMTJCcmlja3MuY2xvc2VEZWJyaWVmRm9ybSgp" type="basic.call"/><Step nameEncoded="true" name="VFNfMDlNYWluX1RDMTJCcmlja3MuRXhpdEVCUygp" type="basic.call"/><Step nameEncoded="true" name="aWYgKGZhbHNlKQ==" type="basic.if"><Step nameEncoded="true" name="VFNfMDlNYWluX1RDMTJCcmlja3MuU2NyZWVuU2hvdChmYWxzZSwgdHJ1ZSwgaW1hZ2V0ZXN0KQ==" type="basic.call"/></Step><Step nameEncoded="true" name="Q2xvc2UgQnJvd3Nlcg=="/></Step><Step nameEncoded="true" name="dXNlck5hdmlnYXRpb24oKQ==" type="basic.method"><Step nameEncoded="true" name="TGF1bmNoIEJyb3dzZXI="/><Step nameEncoded="true" name="RE9NQnJvd3NlciBteUJyb3dzZXI9d2ViLndpbmRvdygiL3dlYjp3aW5kb3dbQGluZGV4PScwJyBvciBAaW5kZXg9JzEnXSIpOy4uLm15QnJvd3Nlci5tYXhpbWl6ZSgpOw==" type="basic.java"/><StepGroup nameEncoded="true" name="WzFdIEdDU1MtTUMgV2FybmluZyBCYW5uZXIgKC9vYnJhcmVxLmNnaSk=" type="basic.stepGroup"><Step nameEncoded="true" name="TmF2aWdhdGUgaHR0cHM6Ly9nY3NzbWMtcHQtZWJzLmludC5nY3NzbWMuc2RlL09BX0hUTUwvQXBwc0xvZ2lu" recid="23" type="web.action"><Step nameEncoded="true" name="ZGVsYXkoNDAwMCk7" type="basic.java"/></Step><Step nameEncoded="true" name="Q2xpY2sgYnV0dG9uKCJAbmFtZT0nT0snIik=" recid="25" type="web.action"/></StepGroup><StepGroup nameEncoded="true" name="WzJdIEhvbWUgKC9PQS5qc3Ap" type="basic.stepGroup"><Step nameEncoded="true" name="V2FpdEZvclBhZ2U=" recid="26" type="web.pageComplete"><Step nameEncoded="true" name="ZGVsYXkoMTIwMDApOw==" type="basic.java"/></Step><Step nameEncoded="true" name="Q2xpY2sgZWxlbWVudCgiQHRleHQ9J0dDU1MtTUMgSW52ZW50b3J5IC8gU3VwcGx5IE9mZmljZXInIik=" recid="29" type="web.action"/></StepGroup><StepGroup nameEncoded="true" name="WzNdIEhvbWUgKC9PQS5qc3Ap" type="basic.stepGroup"><Step nameEncoded="true" name="YmxvY2s=" type="basic.block"><Step nameEncoded="true" name="ZGVsYXkoODAwMCk7" type="basic.java"/></Step><Step nameEncoded="true" name="Q2xpY2sgZWxlbWVudCgiQHRleHQ9J1NlcnZpY2UgUmVxdWVzdCciKQ==" recid="33" type="web.action"/></StepGroup><StepGroup nameEncoded="true" name="WzRdIEhvbWUgKC9PQS5qc3Ap" type="basic.stepGroup"><Step nameEncoded="true" name="V2FpdEZvclBhZ2U=" recid="34" type="web.pageComplete"><Step nameEncoded="true" name="ZGVsYXkoNjAwMCk7" type="basic.java"/></Step><Step nameEncoded="true" name="Q2xpY2sgZWxlbWVudCgiQHRleHQ9J1NlcnZpY2UgUmVxdWVzdHMnIik=" recid="37" type="web.action"/></StepGroup><StepGroup nameEncoded="true" name="WzVdIEhvbWUgKC9PQS5qc3Ap" type="basic.stepGroup"><Step nameEncoded="true" name="V2FpdEZvclBhZ2U=" recid="38" type="web.pageComplete"><Step nameEncoded="true" name="ZGVsYXkoNjAwMCk7" type="basic.java"/></Step><Step nameEncoded="true" name="Q2xpY2sgZWxlbWVudCgiQHRleHQ9J0ZpbmQgU2VydmljZSBSZXF1ZXN0cyciKQ==" recid="41" type="web.action"><Step nameEncoded="true" name="ZGVsYXkoNjAwMCk7" type="basic.java"/></Step></StepGroup><StepGroup nameEncoded="true" name="WzZdIEZpbmQgU2VydmljZSBSZXF1ZXN0cw==" type="basic.stepGroup"><Step nameEncoded="true" name="Rm9ybXMgU2NyZWVuIFNob3Q=" recid="57" type="formsFT.captureScreenshot"><Step nameEncoded="true" name="ZGVsYXkoNjAwMCk7" type="basic.java"/></Step><Step nameEncoded="true" name="U2V0VGV4dCB0ZXh0RmllbGQoIkBuYW1lPSdTUl9CU0NfUVVFUllfSU5DSURFTlRfTlVNQkVSXzAnIikgMjc2MzAzMzA=" recid="58" type="formsFT.action"><Step nameEncoded="true" name="ZGVsYXkoNjAwMCk7" type="basic.java"/></Step><Step nameEncoded="true" name="Q2xpY2sgYnV0dG9uKCJAbmFtZT0nQ1NfRklORF9NQUlOX1NFQVJDSF8wJyIp" recid="59" type="formsFT.action"><Step nameEncoded="true" name="ZGVsYXkoMzAwMCk7" type="basic.java"/></Step><Step nameEncoded="true" name="Rm9jdXNSb3cgc3ByZWFkVGFibGUoIkBuYW1lPSdDU19GSU5EX0dSSURfSVRFTV9HUklEXzAnIikgMQ==" recid="60" type="formsFT.action"><Step nameEncoded="true" name="ZGVsYXkoMzAwMCk7" type="basic.java"/></Step><Step nameEncoded="true" name="U2V0Rm9jdXMgc3ByZWFkVGFibGUoIkBuYW1lPSdDU19GSU5EX0dSSURfSVRFTV9HUklEXzAnIik=" recid="61" type="formsFT.action"/><Step nameEncoded="true" name="ZGVsYXkoMzAwMCk7" type="basic.java"/></StepGroup><StepGroup nameEncoded="true" name="WzddIFNlcnZpY2UgUmVxdWVzdCAoIDI3NjMwMzMwIC0gQ3JlYXRlIE1haW50ZW5hbmNlIFNSICkgLiBFYXN0ZXJuIFRpbWU=" type="basic.stepGroup"><Step nameEncoded="true" name="Rm9ybXMgU2NyZWVuIFNob3Q=" recid="63" type="formsFT.captureScreenshot"><Step nameEncoded="true" name="ZGVsYXkoMzAwMCk7" type="basic.java"/></Step><Step nameEncoded="true" name="U2VsZWN0SXRlbSB0YWIoIkBuYW1lPSdTUl9DQU5WQVNFUyciKSBUYXNrcw==" recid="64" type="formsFT.action"><Step nameEncoded="true" name="VGhpbms6IDQuNTE4IChzZWMp" type="basic.think"/></Step><Step nameEncoded="true" name="Rm9jdXNSb3cgc3ByZWFkVGFibGUoIkBuYW1lPSdTUl9UQVNLX0dSSURfR1JJRF9JVEVNXzAnIikgMQ==" recid="65" type="formsFT.action"><Step nameEncoded="true" name="ZGVsYXkoMzAwMCk7" type="basic.java"/></Step><Step nameEncoded="true" name="Rm9jdXNSb3cgc3ByZWFkVGFibGUoIkBuYW1lPSdTUl9UQVNLX0dSSURfR1JJRF9JVEVNXzAnIikgMQ==" recid="66" type="formsFT.action"/></StepGroup></Step><Step nameEncoded="true" name="c2VsZWN0U0VDUkVQVGFzaygp" type="basic.method"><Step nameEncoded="true" name="YmxvY2s=" type="basic.block"><Step nameEncoded="true" name="ZGVsYXkoMTAwMCk7" type="basic.java"/></Step><Step nameEncoded="true" name="Rm9jdXNSb3cgc3ByZWFkVGFibGUoIkBuYW1lPSdTUl9UQVNLX0dSSURfR1JJRF9JVEVNXzAnIikgMQ==" recid="34" type="formsFT.action"><Step nameEncoded="true" name="ZGVsYXkoMTAwMCk7" type="basic.java"/></Step></Step><Step nameEncoded="true" name="c2VsZWN0RGVicmllZkJ1dHRvbigp" type="basic.method"><Step nameEncoded="true" name="ZGVsYXkoMTAwMCk7" type="basic.java"/><Step nameEncoded="true" name="Q2xpY2sgYnV0dG9uKCJAbmFtZT0nQ1JFQVRFX1RBU0tfREVCUklFRl8wJyIp" recid="68" type="formsFT.action"/><Step nameEncoded="true" name="ZGVsYXkoMTAwMCk7" type="basic.java"/></Step><Step nameEncoded="true" name="c2VsZWN0Q29uc3VtYWJsZVRhc2soKQ==" type="basic.method"><Step nameEncoded="true" name="YmxvY2s=" type="basic.block"><Step nameEncoded="true" name="ZGVsYXkoMTAwMCk7" type="basic.java"/></Step><Step nameEncoded="true" name="Rm9jdXNSb3cgc3ByZWFkVGFibGUoIkBuYW1lPSdTUl9UQVNLX0dSSURfR1JJRF9JVEVNXzAnIikgMg==" recid="67" type="formsFT.action"><Step nameEncoded="true" name="ZGVsYXkoMTAwMCk7" type="basic.java"/></Step></Step><Finish nameEncoded="true" name="RmluaXNo" type="basic.finish"/></Script>