<?xml version="1.0" encoding="UTF-8"?><assets>
<asset alias="Create_Maintenance_SR" local="true" sourceType="file" type="SCRIPT">
<location path="../Create_Maintenance_SR" type="relative"/>
</asset>
<asset alias="TS_09_Main_TC_15" local="true" sourceType="file" type="SCRIPT">
<location path="../TS_09_Main_TC_15" type="relative"/>
</asset>
<asset alias="TS_09Main_TC12Bricks" local="true" sourceType="file" type="SCRIPT">
<location path="../TS_09Main_TC12Bricks" type="relative"/>
</asset>
<asset alias="DASF_Report" local="true" sourceType="file" type="SCRIPT">
<location path="../DASF_Report" type="relative"/>
</asset>
<asset alias="Main_TC_14" local="true" sourceType="file" type="SCRIPT">
<location path="../Main_TC_14" type="relative"/>
</asset>
<asset alias="MMR_Report" local="true" sourceType="file" type="SCRIPT">
<location path="../MMR_Report" type="relative"/>
</asset>
<asset alias="Main_TC_18" local="true" sourceType="file" type="SCRIPT">
<location path="../Main_TC_18" type="relative"/>
</asset>
<asset alias="Main_TC_17_Task_Materials" local="true" sourceType="file" type="SCRIPT">
<location path="../Main_TC_17_Task_Materials" type="relative"/>
</asset>
<asset alias="TS_09_Update_Task_Operational_Status_TC_19" local="true" sourceType="file" type="SCRIPT">
<location path="../TS_09_Update_Task_Operational_Status_TC_19" type="relative"/>
</asset>
<asset alias="TC_12_Enter_Receipt" local="true" sourceType="file" type="SCRIPT">
<location path="../TC_12_Enter_Receipt" type="relative"/>
</asset>
<asset alias="Main_TC_12" local="true" sourceType="file" type="SCRIPT">
<location path="../Main_TC_12" type="relative"/>
</asset>
<asset alias="Main_TC12_PickPackShip" local="true" sourceType="file" type="SCRIPT">
<location path="../Main_TC12_PickPackShip" type="relative"/>
</asset>
<asset alias="CACI_FunctLib_EBSFunctions" local="true" sourceType="file" type="SCRIPT">
<location path="../CACI_FunctLib_EBSFunctions_hc943740372" type="relative"/>
</asset>
<asset alias="TS_09_Create_Databank" local="true" sourceType="file" type="SCRIPT">
<location path="../TS_09_Create_Databank" type="relative"/>
</asset>
</assets>
