<?xml version="1.0" encoding="UTF-8"?>
<Script name="TS_09_Create_Databank"><Initialize nameEncoded="true" name="SW5pdGlhbGl6ZQ==" type="basic.init"/><Run nameEncoded="true" name="UnVu" type="basic.iteration"><Step nameEncoded="true" name="U2V0OiBEYXRhQmFua05hbWUgPSBwYXJ0X2RvY3VtZW50X3JlY29yZF97e0B0aW1lc3RhbXB9fS5jc3Y="/><Step nameEncoded="true" name="U2V0OiBEYXRhQmFzZUxvY2F0aW9uID0gQzpcXE9yYWNsZUFUU1xcT0ZUXFxEYXRhYmFuaw=="/><Step nameEncoded="true" name="U2V0OiBIZWFkZXJTdHJpbmcgPSBOSUlOLFNETg=="/><Step nameEncoded="true" name="U2V0OiBEYXRhTGluZSA9IE5JSU4sMTIzNDU2Nzg3OA=="/><Step nameEncoded="true" name="Q3JlYXREYXRhQmFuayh7e0RhdGFCYXNlTG9jYXRpb259fSwge3tEYXRhQmFua05hbWV9fSwge3tIZWFkZXJTdHJpbmd9fSk=" type="basic.call"/><Step nameEncoded="true" name="Zm9yIChpbnQgaT0wOyBpIDwgMTA7IGkrKyk=" type="basic.for"><Step nameEncoded="true" name="Ow==" type="basic.java"/><Step nameEncoded="true" name="Q3JlYXRlTmV3UmVjb3JkTGluZSh7e0RhdGFCYXNlTG9jYXRpb259fSwge3tEYXRhQmFua05hbWV9fSwge3tEYXRhTGluZX19KQ==" type="basic.call"/></Step></Run><Step nameEncoded="true" name="Q3JlYXRlTmV3UmVjb3JkTGluZShTdHJpbmcgRGF0YUJhbmtQYXRoLCBTdHJpbmcgRmlsZU5hbWUsIFN0cmluZyBEYXRhU3RyaW5nKQ==" type="basic.method"><Step nameEncoded="true" name="QnVmZmVyZWRXcml0ZXIgb3V0PW51bGw7Li4ub3V0LmNsb3NlKCk7" type="basic.java"/></Step><Step nameEncoded="true" name="Q3JlYXREYXRhQmFuayhTdHJpbmcgRGF0YUJhbmtMb2NhdGlvbiwgU3RyaW5nIEZpbGVOYW1lLCBTdHJpbmcgSGVhZGVyU3RyaW5nKQ==" type="basic.method"><StepGroup nameEncoded="true" name="SW5pdGlhbGl6ZSBUcmFuc2FjdGlvbg==" type="basic.stepGroup"><Step nameEncoded="true" name="U3RyaW5nIERhdGFCYW5rUGF0aDsuLi5GaWxlIG5ld0ZpbGU9bmV3IEZpbGUoRGF0YUJhbmtQYXRoKTs=" type="basic.java"/><Step nameEncoded="true" name="aWYgKCFuZXdGaWxlLmlzRGlyZWN0b3J5KCkp" type="basic.if"><Step nameEncoded="true" name="RmlsZXMuY3JlYXRlRGlyZWN0b3J5KFBhdGhzLmdldChEYXRhQmFua1BhdGgpKTs=" type="basic.java"/></Step><Step nameEncoded="true" name="RmlsZSBmaWxlPW5ldyBGaWxlKERhdGFCYW5rUGF0aCArICJcXCIgKyBGaWxlTmFtZSk7Li4ub3V0cHV0LmNsb3NlKCk7" type="basic.java"/></StepGroup></Step><Finish nameEncoded="true" name="RmluaXNo" type="basic.finish"/></Script>