<?xml version="1.0" encoding="UTF-8"?><assets>
<asset alias="CACI_FunctLib_EBSFunctions" local="true" sourceType="file" type="SCRIPT">
<location path="../CACI_FunctLib_EBSFunctions" type="relative"/>
</asset>
<asset alias="dasf_report_db" charset="cp1252" local="true" recno="0" sourceType="file" type="DATABANK">
<location path="../databanks/dasf_report_db.csv" type="relative"/>
</asset>
<asset alias="ExportOBIEEFunction_DASF" local="true" sourceType="file" type="SCRIPT">
<location path="../ExportOBIEEFunction_DASF" type="relative"/>
</asset>
</assets>
