<?xml version="1.0" encoding="UTF-8"?><assets>
<asset alias="enter_multiple_sdn_receipt_db" charset="cp1252" local="true" recno="0" sourceType="file" type="DATABANK">
<location path="../databanks/enter_multiple_sdn_receipt_db.csv" type="relative"/>
</asset>
<asset alias="CACI_FunctLib_EBSFunctions" local="true" sourceType="file" type="SCRIPT">
<location path="../CACI_FunctLib_EBSFunctions" type="relative"/>
</asset>
<asset alias="EnterSDNReceipt" local="true" sourceType="file" type="SCRIPT">
<location path="../EnterSDNReceipt" type="relative"/>
</asset>
</assets>
