<?xml version="1.0" encoding="UTF-8"?>
<Script name="TS_09_Main_TC_15"><Initialize nameEncoded="true" name="SW5pdGlhbGl6ZQ==" type="basic.init"><Step nameEncoded="true" name="TGF1bmNoIEJyb3dzZXI="/></Initialize><Run nameEncoded="true" name="UnVu" type="basic.iteration"><Step nameEncoded="true" name="cHJvY2Vzc011bHRpcGxlU0ROUmVjZWlwdCgpOw==" type="basic.java"/></Run><Step nameEncoded="true" name="cHJvY2Vzc011bHRpcGxlU0ROUmVjZWlwdCgp" type="basic.method"><Step nameEncoded="true" name="dXNlck5hdmlnYXRpb24oKTsuLi5kZWxheSgzMDAwKTs=" type="basic.java"/><Step nameEncoded="true" name="RW50ZXJTRE5SZWNlaXB0LnNlbGVjdEludmVudG9yeU9yZ2FuaXphdGlvbigxQ0olKQ==" type="basic.call"/><Step nameEncoded="true" name="ZGVsYXkoMzAwMCk7Li4uaW50IHBhcnRzUm93Q291bnQ9MDs=" type="basic.java"/><Step nameEncoded="true" name="Zm9yIChpbnQgaT0xOyBpIDw9IHJlY29yZENvdW50OyBpKysp" type="basic.for"><Step nameEncoded="true" name="R2V0RGF0YWJhbmtSZWNvcmQ6IGVudGVyX211bHRpcGxlX3Nkbl9yZWNlaXB0X2RiLCBp" type="basic.databank"/><Step nameEncoded="true" name="U2V0OiBTRE4gPSB7e2RiLmVudGVyX211bHRpcGxlX3Nkbl9yZWNlaXB0X2RiLnNkbn19"/><Step nameEncoded="true" name="U2V0OiBsb2NhdG9yID0ge3tkYi5lbnRlcl9tdWx0aXBsZV9zZG5fcmVjZWlwdF9kYi5sb2NhdG9yfX0="/><Step nameEncoded="true" name="U2V0OiBvcmdhbml6YXRpb24gPSB7e2RiLmVudGVyX211bHRpcGxlX3Nkbl9yZWNlaXB0X2RiLmludmVudG9yeV9vcmdhbml6YXRpb259fQ=="/><Step nameEncoded="true" name="U2V0OiBOSUlOVHlwZSA9IHt7ZGIuZW50ZXJfbXVsdGlwbGVfc2RuX3JlY2VpcHRfZGIuaW52ZW50b3J5fX0="/><Step nameEncoded="true" name="U2V0OiBzZXJpYWxOdW1iZXIgPSA="/><Step nameEncoded="true" name="cHJvY2Vzc1NpbmdsZVNETlJlY2VpcHQoInt7U0ROfX0iLCJ7e2xvY2F0b3J9fSIsInt7b3JnYW5pemF0aW9ufX0iLCJ7e05JSU5UeXBlfX0iLG51bGwpOy4uLnBhcnRzUm93Q291bnQ9cGFydHNSb3dDb3VudCArIDE7" type="basic.java"/></Step><StepGroup nameEncoded="true" name="RW50ZXIgUmVjZWlwdCBJbmZvcm1hdGlvbiBhbmQgU2VyaWFsIE51bWJlcg==" type="basic.stepGroup"><Step nameEncoded="true" name="Rm9ybXMgU2NyZWVuIFNob3Q=" type="formsFT.captureScreenshot"/><Step nameEncoded="true" name="ZGVsYXkoNDAwMCk7" type="basic.java"/><Step nameEncoded="true" name="Q0FDSV9GdW5jdExpYl9FQlNGdW5jdGlvbnMuU2NyZWVuU2hvdChGYWxzZSwgVHJ1ZSwgMDJfUmVjZWlwdF9JbmZvcm1hdGlvbik=" type="basic.call"/><Step nameEncoded="true" name="ZGVsYXkoNjAwMCk7" type="basic.java"/></StepGroup><Step nameEncoded="true" name="Y2xvc2VFQlNCcm93c2VyKCk7" type="basic.java"/><Step nameEncoded="true" name="Q2xvc2UgQnJvd3Nlcg=="/></Step><Step nameEncoded="true" name="cHJvY2Vzc1NpbmdsZVNETlJlY2VpcHQoU3RyaW5nIFBBUl9TRE4sIFN0cmluZyBQQVJfbG9jYXRvciwgU3RyaW5nIFBBUl9vcmdhbml6YXRpb24sIFN0cmluZyBQQVJfTklJTlR5cGUsIFN0cmluZyBQQVJfc2VyaWFsTnVtYmVyKQ==" type="basic.method"><Step nameEncoded="true" name="dHJ5" type="basic.try"><Step nameEncoded="true" name="ZGVsYXkoMzAwMCk7" type="basic.java"/><Step nameEncoded="true" name="RW50ZXJTRE5SZWNlaXB0LkVudGVyU0ROTnVtYmVyQW5kQ2xpY2tGaW5kQnV0dG9uKFBBUl9TRE4p" type="basic.call"/><Step nameEncoded="true" name="ZGVsYXkoMzAwMCk7" type="basic.java"/><Step nameEncoded="true" name="RW50ZXJTRE5SZWNlaXB0LmNsaWNrT25FbnRlclJlY2VpcHRCdXR0b24oKQ==" type="basic.call"/><Step nameEncoded="true" name="RW50ZXJTRE5SZWNlaXB0LmVudGVyU0ROUmVjZWlwdCgwLCB7e1NETn19LCB7e05JSU5UeXBlfX0sIHt7bG9jYXRvcn19LCB7e3NlcmlhbE51bWJlcn19LCBpbWFnZXRlc3Qp" type="basic.call"/><Step nameEncoded="true" name="ZGVsYXkoMzAwMCk7Li4uZGVsYXkoMzAwMCk7" type="basic.java"/></Step><Step nameEncoded="true" name="Y2F0Y2ggKEV4Y2VwdGlvbiBlKQ==" type="basic.catch"><Step nameEncoded="true" name="SW5mbzogcHJvY2Vzc1NpbmdsZVNETlJlY2VpcHQoKSA6ICArIGUuZ2V0TWVzc2FnZSgp"/><Step nameEncoded="true" name="dGhyb3cgZTs=" type="basic.java"/></Step></Step><Step nameEncoded="true" name="dXNlck5hdmlnYXRpb24oKQ==" type="basic.method"><Step nameEncoded="true" name="U2V0OiBNeVVSTCA9IGh0dHBzOi8vZ2Nzc21jLXB0LWVicy5pbnQuZ2Nzc21jLnNkZS9PQV9IVE1ML0FwcHNMb2dpbg=="/><Step nameEncoded="true" name="Q0FDSV9GdW5jdExpYl9FQlNGdW5jdGlvbnMuRUJTQ2VydGlmaWNhdGVMb2dpbih7e015VVJMfX0sIDIzOCk=" type="basic.call"/><Step nameEncoded="true" name="ZGVsYXkoMzAwMCk7" type="basic.java"/><StepGroup nameEncoded="true" name="WzRdIFNlbGVjdCBVc2VyIFJlc3BvbnNpYmlsaXR5" type="basic.stepGroup"><Step nameEncoded="true" name="YmxvY2s=" type="basic.block"><Step nameEncoded="true" name="ZGVsYXkoMTIwMDApOw==" type="basic.java"/></Step><Step nameEncoded="true" name="Q2xpY2sgZWxlbWVudCgiQHRleHQ9J0dDU1MtTUMgSW52ZW50b3J5IC8gU3VwcGx5IE9mZmljZXInIik=" recid="18" type="web.action"/></StepGroup><StepGroup nameEncoded="true" name="WzVdIFNlbGVjdCBVc2VyIFJvbGU=" type="basic.stepGroup"><Step nameEncoded="true" name="V2FpdEZvclBhZ2U=" recid="19" type="web.pageComplete"><Step nameEncoded="true" name="ZGVsYXkoNjAwMCk7" type="basic.java"/></Step><Step nameEncoded="true" name="Q2xpY2sgZWxlbWVudCgiQHRleHQ9J0N1c3RvbSBGb3JtcyciKQ==" recid="22" type="web.action"/></StepGroup><StepGroup nameEncoded="true" name="WzZdIFNlbGVjdCBVc2VyIFJvbGU=" type="basic.stepGroup"><Step nameEncoded="true" name="V2FpdEZvclBhZ2U=" recid="23" type="web.pageComplete"><Step nameEncoded="true" name="ZGVsYXkoMjAwMCk7" type="basic.java"/></Step><Step nameEncoded="true" name="Q2xpY2sgZWxlbWVudCgiQHRleHQ9J0RvY3VtZW50IE1hbmFnZW1lbnQgKFN1cHBseSknIik=" recid="26" type="web.action"><Step nameEncoded="true" name="ZGVsYXkoNjAwMCk7" type="basic.java"/></Step></StepGroup></Step><Step nameEncoded="true" name="Y2xvc2VFQlNCcm93c2VyKCk=" type="basic.method"><StepGroup nameEncoded="true" name="WzZdIENsb3NlIEVCUyBGb3Jtcw==" type="basic.stepGroup"><Step nameEncoded="true" name="U2VsZWN0TWVudUl0ZW0gd2luZG93KCJmb3Jtczp3aW5kb3ciKSBGaWxlfEV4aXQgT3JhY2xlIEFwcGxpY2F0aW9ucw==" recid="24" type="formsFT.action"/></StepGroup><StepGroup nameEncoded="true" name="WzddIENsb3NlIEJyb3dzZXI=" type="basic.stepGroup"><Step nameEncoded="true" name="Q2xpY2tCdXR0b24gY2hvaWNlQm94KCJmb3JtczpjaG9pY2VCb3giKSBPSw==" recid="27" type="formsFT.action"><Step nameEncoded="true" name="ZGVsYXkoMTMwMDApOw==" type="basic.java"/></Step><Step nameEncoded="true" name="Q2xpY2sgaW1hZ2UoIkBhbHQ9J0xvZ291dCciKQ==" recid="28" type="web.action"/></StepGroup></Step><Finish nameEncoded="true" name="RmluaXNo" type="basic.finish"/></Script>