<?xml version="1.0" encoding="UTF-8"?>
<Script name="Main_TC_18"><Initialize nameEncoded="true" name="SW5pdGlhbGl6ZQ==" type="basic.init"><Step nameEncoded="true" name="U2V0OiBNeVVSTCA9IGh0dHBzOi8vZ2Nzc21jLXB0LWVicy5pbnQuZ2Nzc21jLnNkZS9PQV9IVE1ML0FwcHNMb2dpbg=="/><Step nameEncoded="true" name="U2V0OiBHTEJMX1NlcmlhbE51bWJlciA9IHt7R0xCTF9TZXJpYWxOdW1iZXJ9fQ=="/><Step nameEncoded="true" name="TGF1bmNoIEJyb3dzZXI="/></Initialize><Run nameEncoded="true" name="UnVu" type="basic.iteration"><Step nameEncoded="true" name="cHJvY2Vzc0NvbmZpcm1TZXJpYWxFeGlzdHNPbkNvbmZpZ3VyYXRpb24oKTs=" type="basic.java"/></Run><Step nameEncoded="true" name="cHJvY2Vzc0NvbmZpcm1TZXJpYWxFeGlzdHNPbkNvbmZpZ3VyYXRpb24oKQ==" type="basic.method"><Step nameEncoded="true" name="dHJ5" type="basic.try"><Step nameEncoded="true" name="U2V0OiBNeVVzZXIgPSAyMzY="/><Step nameEncoded="true" name="U2V0OiBTZWFyY2hfU2VyaWFsX051bWJlciA9IHt7R0xCTF9TZXJpYWxOdW1iZXJ9fQ=="/><Step nameEncoded="true" name="U2V0OiBHTEJMX1ByZWZpeF9BT1JPX0ZpbGVfTmFtZSA9IDEw"/><Step nameEncoded="true" name="TmF2aWdhdGVJdGVtRGV0YWlsLmNvbmZpcm1TZXJpYWxOdW1iZXJFeGlzdHNPbkNvbmZpZ3VyYXRpb24oKQ==" type="basic.call"/></Step><Step nameEncoded="true" name="Y2F0Y2ggKEV4Y2VwdGlvbiBlKQ==" type="basic.catch"><Step nameEncoded="true" name="SW5mbzogcHJvY2Vzc0NvbmZpcm1TZXJpYWxFeGlzdHNPbkNvbmZpZ3VyYXRpb24oKSAgKyBlLmdldE1lc3NhZ2UoKQ=="/><Step nameEncoded="true" name="dGhyb3cgZTs=" type="basic.java"/></Step></Step><Finish nameEncoded="true" name="RmluaXNo" type="basic.finish"/><Step nameEncoded="true" name="Y2xvc2VCcm93c2VyR0NTU01DKCk=" type="basic.method"><Step nameEncoded="true" name="Q2xvc2UgQnJvd3Nlcg=="/></Step></Script>