<?xml version="1.0" encoding="UTF-8"?>
<Script name="ExportOBIEEFunction_DASF"><Initialize nameEncoded="true" name="SW5pdGlhbGl6ZQ==" type="basic.init"><Step nameEncoded="true" name="TGF1bmNoIEJyb3dzZXI="/></Initialize><Run nameEncoded="true" name="UnVu" type="basic.iteration"/><Step nameEncoded="true" name="cHJvY2Vzc0V4cG9ydFBERigp" type="basic.method"><Step nameEncoded="true" name="dHJ5" type="basic.try"><StepGroup nameEncoded="true" name="WzldIE9yYWNsZSBCSSBJbnRlcmFjdGl2ZSBEYXNoYm9hcmRzIC0gTUFMICgvc2F3LmRsbCk=" type="basic.stepGroup"><Step nameEncoded="true" name="V2FpdEZvclBhZ2U=" recid="73" type="web.pageComplete"><Step nameEncoded="true" name="ZGVsYXkoNTAwMCk7" type="basic.java"/></Step><Step nameEncoded="true" name="SW50ZWdlciBpOw==" type="basic.java"/><Step nameEncoded="true" name="Zm9yIChpPTA7IGkgPCAxMDAwMDAwOyBpKysp" type="basic.for"><Step nameEncoded="true" name="aWYgKHdlYi5saW5rKDc1LCIvd2ViOndpbmRvd1tAaW5kZXg9JzInXS93ZWI6ZG9jdW1lbnRbQGluZGV4PScwJ10vd2ViOmFbQHRleHQ9J0V4cG9ydCddIikuZXhpc3RzKCkp" type="basic.if"><Step nameEncoded="true" name="YnJlYWs7" type="basic.java"/></Step><Step nameEncoded="true" name="ZGVsYXkoMzAwMDApOw==" type="basic.java"/></Step><Step nameEncoded="true" name="Q2xpY2sgbGluaygiQHRleHQ9J0V4cG9ydCciKQ==" recid="75" type="web.action"><Step nameEncoded="true" name="ZGVsYXkoNTAwMCk7" type="basic.java"/></Step></StepGroup></Step><Step nameEncoded="true" name="Y2F0Y2ggKEV4Y2VwdGlvbiBlKQ==" type="basic.catch"><Step nameEncoded="true" name="SW5mbzogcHJvY2Vzc0V4cG9ydFBERihTdHJpbmcgUEFSX0V4dHJhY3RGaWxlTmFtZSkgOiAgKyBlLmdldE1lc3NhZ2UoKQ=="/><Step nameEncoded="true" name="dGhyb3cgZTs=" type="basic.java"/></Step></Step><Finish nameEncoded="true" name="RmluaXNo" type="basic.finish"/></Script>